{"cameraMode":{"drawMode":0,"name":"Shaded","section":"Shading Mode"},"sceneLighting":false,"audioPlay":false,"sceneViewState":{"showFog":true,"showMaterialUpdate":false,"showSkybox":false,"showFlares":true,"showImageEffects":true,"showParticleSystems":true},"in2DMode":false,"pivot":{"x":10.33553695678711,"y":1332.724609375,"z":256.83203125},"rotation":{"x":0.22312378883361817,"y":-0.009081096388399601,"z":0.002150639658793807,"w":0.9748747944831848},"size":2287.863037109375,"orthographic":false}