{"cameraMode":{"drawMode":0,"name":"Shaded","section":"Shading Mode"},"sceneLighting":false,"audioPlay":false,"sceneViewState":{"showFog":true,"showMaterialUpdate":false,"showSkybox":false,"showFlares":true,"showImageEffects":true,"showParticleSystems":true},"in2DMode":false,"pivot":{"x":237.1031036376953,"y":894.2467651367188,"z":34.244873046875},"rotation":{"x":0.06445268541574478,"y":0.019137011840939523,"z":-0.0011573658557608724,"w":0.9978630542755127},"size":787.2227783203125,"orthographic":false}