{"cameraMode":{"drawMode":0,"name":"Shaded","section":"Shading Mode"},"sceneLighting":false,"audioPlay":false,"sceneViewState":{"showFog":true,"showMaterialUpdate":false,"showSkybox":false,"showFlares":true,"showImageEffects":true,"showParticleSystems":true},"in2DMode":false,"pivot":{"x":0.0,"y":4.825909614562988,"z":5.364418029785156e-7},"rotation":{"x":0.09733748435974121,"y":-0.29128000140190127,"z":-0.029919786378741266,"w":-0.9512930512428284},"size":4.892074108123779,"orthographic":false}