{"cameraMode":{"drawMode":0,"name":"Shaded","section":"Shading Mode"},"sceneLighting":false,"audioPlay":false,"sceneViewState":{"showFog":true,"showMaterialUpdate":false,"showSkybox":false,"showFlares":true,"showImageEffects":true,"showParticleSystems":true},"in2DMode":false,"pivot":{"x":0.026919983327388765,"y":10.607317924499512,"z":77.44811248779297},"rotation":{"x":0.33553439378738406,"y":0.5915344953536987,"z":-0.2963705360889435,"w":0.6707792282104492},"size":2.573204278945923,"orthographic":false}