{"cameraMode":{"drawMode":0,"name":"Shaded","section":"Shading Mode"},"sceneLighting":false,"audioPlay":false,"sceneViewState":{"showFog":true,"showMaterialUpdate":false,"showSkybox":false,"showFlares":true,"showImageEffects":true,"showParticleSystems":true},"in2DMode":false,"pivot":{"x":-0.0002000182867050171,"y":4.7582292556762699,"z":-0.007896706461906433},"rotation":{"x":0.09733748435974121,"y":-0.29128000140190127,"z":-0.029919786378741266,"w":-0.9512930512428284},"size":4.784204006195068,"orthographic":false}