{"cameraMode":{"drawMode":0,"name":"Shaded","section":"Shading Mode"},"sceneLighting":false,"audioPlay":false,"sceneViewState":{"showFog":true,"showMaterialUpdate":false,"showSkybox":false,"showFlares":true,"showImageEffects":true,"showParticleSystems":true},"in2DMode":false,"pivot":{"x":0.0,"y":-0.925480842590332,"z":0.5173745155334473},"rotation":{"x":0.09733748435974121,"y":-0.29128000140190127,"z":-0.029919786378741266,"w":-0.9512930512428284},"size":10.463168144226075,"orthographic":false}