{"cameraMode":{"drawMode":0,"name":"Shaded","section":"Shading Mode"},"sceneLighting":true,"audioPlay":false,"sceneViewState":{"showFog":true,"showMaterialUpdate":false,"showSkybox":true,"showFlares":true,"showImageEffects":true,"showParticleSystems":true},"in2DMode":false,"pivot":{"x":-39.72300720214844,"y":55.16228103637695,"z":0.38489410281181338},"rotation":{"x":-0.4134349822998047,"y":0.25444984436035159,"z":-0.12152281403541565,"w":-0.8657880425453186},"size":62.16267776489258,"orthographic":false}