{"cameraMode":{"drawMode":0,"name":"Shaded","section":"Shading Mode"},"sceneLighting":true,"audioPlay":false,"sceneViewState":{"showFog":true,"showMaterialUpdate":false,"showSkybox":false,"showFlares":true,"showImageEffects":true,"showParticleSystems":true},"in2DMode":false,"pivot":{"x":486.97515869140627,"y":960.0,"z":35.07242965698242},"rotation":{"x":0.05862383544445038,"y":0.9332605600357056,"z":-0.17881663143634797,"w":0.3059626519680023},"size":1133.4141845703125,"orthographic":false}