{"cameraMode":{"drawMode":0,"name":"Shaded","section":"Shading Mode"},"sceneLighting":true,"audioPlay":false,"sceneViewState":{"showFog":true,"showMaterialUpdate":false,"showSkybox":false,"showFlares":true,"showImageEffects":true,"showParticleSystems":true},"in2DMode":false,"pivot":{"x":469.4181213378906,"y":960.0000610351563,"z":38.36896514892578},"rotation":{"x":0.05862383544445038,"y":0.9332605600357056,"z":-0.17881663143634797,"w":0.3059626519680023},"size":1150.199951171875,"orthographic":false}