{"cameraMode":{"drawMode":0,"name":"Shaded","section":"Shading Mode"},"sceneLighting":true,"audioPlay":false,"sceneViewState":{"showFog":true,"showMaterialUpdate":false,"showSkybox":false,"showFlares":true,"showImageEffects":true,"showParticleSystems":true},"in2DMode":false,"pivot":{"x":469.37481689453127,"y":960.0,"z":83.14045715332031},"rotation":{"x":-0.17997713387012483,"y":0.774199366569519,"z":-0.2525429427623749,"w":-0.5517752170562744},"size":1144.5108642578125,"orthographic":false}