{"cameraMode":{"drawMode":0,"name":"Shaded","section":"Shading Mode"},"sceneLighting":false,"audioPlay":false,"sceneViewState":{"showFog":true,"showMaterialUpdate":false,"showSkybox":false,"showFlares":true,"showImageEffects":true,"showParticleSystems":true},"in2DMode":false,"pivot":{"x":0.21437367796897889,"y":0.6364626288414002,"z":4.774942398071289},"rotation":{"x":0.11855123192071915,"y":-0.15397807955741883,"z":-0.018608612939715387,"w":-0.9807783365249634},"size":1.355487585067749,"orthographic":false}