{"cameraMode":{"drawMode":0,"name":"Shaded","section":"Shading Mode"},"sceneLighting":false,"audioPlay":false,"sceneViewState":{"showFog":true,"showMaterialUpdate":false,"showSkybox":false,"showFlares":true,"showImageEffects":true,"showParticleSystems":true},"in2DMode":false,"pivot":{"x":540.0000610351563,"y":401.9999694824219,"z":9.5367431640625e-7},"rotation":{"x":-0.5898516774177551,"y":-0.06563454866409302,"z":0.048347506672143939,"w":-0.8034167289733887},"size":154.43565368652345,"orthographic":false}