{"cameraMode":{"drawMode":0,"name":"Shaded","section":"Shading Mode"},"sceneLighting":false,"audioPlay":false,"sceneViewState":{"showFog":true,"showMaterialUpdate":false,"showSkybox":false,"showFlares":true,"showImageEffects":true,"showParticleSystems":true},"in2DMode":false,"pivot":{"x":486.97515869140627,"y":960.0,"z":35.07242965698242},"rotation":{"x":0.1528654247522354,"y":0.8386982679367065,"z":-0.42869099974632265,"w":0.29912713170051577},"size":1133.4141845703125,"orthographic":false}