{"cameraMode":{"drawMode":0,"name":"Shaded","section":"Shading Mode"},"sceneLighting":false,"audioPlay":false,"sceneViewState":{"showFog":true,"showMaterialUpdate":false,"showSkybox":false,"showFlares":true,"showImageEffects":true,"showParticleSystems":true},"in2DMode":false,"pivot":{"x":645.697021484375,"y":903.9791259765625,"z":1203.8681640625},"rotation":{"x":0.12565717101097108,"y":-0.018140871077775956,"z":0.002283664420247078,"w":0.9919204711914063},"size":954.6839599609375,"orthographic":false}