{"cameraMode":{"drawMode":0,"name":"Shaded","section":"Shading Mode"},"sceneLighting":false,"audioPlay":false,"sceneViewState":{"showFog":true,"showMaterialUpdate":false,"showSkybox":false,"showFlares":true,"showImageEffects":true,"showParticleSystems":true},"in2DMode":false,"pivot":{"x":-2.9802322387695315e-8,"y":0.0,"z":5.960464477539063e-8},"rotation":{"x":-0.05185411497950554,"y":-0.7246901988983154,"z":0.6849461197853088,"w":-0.05490214750170708},"size":1.0621023178100587,"orthographic":false}