{"cameraMode":{"drawMode":0,"name":"Shaded","section":"Shading Mode"},"sceneLighting":false,"audioPlay":false,"sceneViewState":{"showFog":true,"showMaterialUpdate":false,"showSkybox":false,"showFlares":true,"showImageEffects":true,"showParticleSystems":true},"in2DMode":false,"pivot":{"x":21.27451515197754,"y":14.54732894897461,"z":58.41402816772461},"rotation":{"x":0.1528654247522354,"y":0.8386982679367065,"z":-0.42869099974632265,"w":0.29912713170051577},"size":9.609542846679688,"orthographic":false}