{"cameraMode":{"drawMode":0,"name":"Shaded","section":"Shading Mode"},"sceneLighting":false,"audioPlay":false,"sceneViewState":{"showFog":true,"showMaterialUpdate":false,"showSkybox":false,"showFlares":true,"showImageEffects":true,"showParticleSystems":true},"in2DMode":false,"pivot":{"x":-21.882570266723634,"y":1.8710570335388184,"z":35.328739166259769},"rotation":{"x":-0.19049511849880219,"y":0.022382043302059175,"z":-0.0043248641304671768,"w":-0.9814574122428894},"size":4.782711982727051,"orthographic":false}