{"cameraMode":{"drawMode":0,"name":"Shaded","section":"Shading Mode"},"sceneLighting":false,"audioPlay":false,"sceneViewState":{"showFog":true,"showMaterialUpdate":false,"showSkybox":false,"showFlares":true,"showImageEffects":true,"showParticleSystems":true},"in2DMode":false,"pivot":{"x":0.4262341856956482,"y":-5.9737019538879398,"z":2.182680130004883},"rotation":{"x":0.5534184575080872,"y":-0.0511566698551178,"z":0.03404262661933899,"w":0.8306519389152527},"size":5.718064785003662,"orthographic":false}