{"cameraMode":{"drawMode":0,"name":"Shaded","section":"Shading Mode"},"sceneLighting":false,"audioPlay":false,"sceneViewState":{"showFog":true,"showMaterialUpdate":false,"showSkybox":false,"showFlares":true,"showImageEffects":true,"showParticleSystems":true},"in2DMode":false,"pivot":{"x":-84.85968780517578,"y":11.298398971557618,"z":43.9091911315918},"rotation":{"x":-0.19049511849880219,"y":0.022382043302059175,"z":-0.0043248641304671768,"w":-0.9814574122428894},"size":11.13861083984375,"orthographic":false}