{"cameraMode":{"drawMode":0,"name":"Shaded","section":"Shading Mode"},"sceneLighting":false,"audioPlay":false,"sceneViewState":{"showFog":true,"showMaterialUpdate":false,"showSkybox":false,"showFlares":true,"showImageEffects":true,"showParticleSystems":true},"in2DMode":false,"pivot":{"x":-92.08694458007813,"y":8.5863037109375,"z":-27.11233139038086},"rotation":{"x":-0.19049511849880219,"y":0.022382043302059175,"z":-0.0043248641304671768,"w":-0.9814574122428894},"size":4.618496894836426,"orthographic":false}