{"cameraMode":{"drawMode":0,"name":"Shaded","section":"Shading Mode"},"sceneLighting":false,"audioPlay":false,"sceneViewState":{"showFog":true,"showMaterialUpdate":false,"showSkybox":false,"showFlares":true,"showImageEffects":true,"showParticleSystems":true},"in2DMode":false,"pivot":{"x":-0.048739850521087649,"y":9.350034713745118,"z":-13.606863975524903},"rotation":{"x":-0.3032669723033905,"y":-0.6477048397064209,"z":0.31485211849212649,"w":-0.6240720152854919},"size":0.7291447520256043,"orthographic":false}