{"cameraMode":{"drawMode":0,"name":"Shaded","section":"Shading Mode"},"sceneLighting":false,"audioPlay":false,"sceneViewState":{"showFog":true,"showMaterialUpdate":false,"showSkybox":false,"showFlares":true,"showImageEffects":true,"showParticleSystems":true},"in2DMode":false,"pivot":{"x":5.52324914932251,"y":1.8245635032653809,"z":-13.023445129394532},"rotation":{"x":0.1528654247522354,"y":0.8386982679367065,"z":-0.42869099974632265,"w":0.29912713170051577},"size":2.1872472763061525,"orthographic":false}