{"cameraMode":{"drawMode":0,"name":"Shaded","section":"Shading Mode"},"sceneLighting":false,"audioPlay":false,"sceneViewState":{"showFog":true,"showMaterialUpdate":false,"showSkybox":false,"showFlares":true,"showImageEffects":true,"showParticleSystems":true},"in2DMode":false,"pivot":{"x":-10.102947235107422,"y":0.33104705810546877,"z":7.601820945739746},"rotation":{"x":0.1528654247522354,"y":0.8386982679367065,"z":-0.42869099974632265,"w":0.29912713170051577},"size":1.8592143058776856,"orthographic":false}