{"cameraMode":{"drawMode":0,"name":"Shaded","section":"Shading Mode"},"sceneLighting":false,"audioPlay":false,"sceneViewState":{"showFog":true,"showMaterialUpdate":false,"showSkybox":false,"showFlares":true,"showImageEffects":true,"showParticleSystems":true},"in2DMode":false,"pivot":{"x":17.62137222290039,"y":-8.920886993408204,"z":44.33323287963867},"rotation":{"x":-0.41876736283302309,"y":0.5571874976158142,"z":-0.38611066341400149,"w":-0.6042607426643372},"size":40.131988525390628,"orthographic":false}