{"cameraMode":{"drawMode":0,"name":"Shaded","section":"Shading Mode"},"sceneLighting":false,"audioPlay":false,"sceneViewState":{"showFog":true,"showMaterialUpdate":false,"showSkybox":false,"showFlares":true,"showImageEffects":true,"showParticleSystems":true},"in2DMode":false,"pivot":{"x":0.0,"y":0.0001043081283569336,"z":-5.960464477539063e-8},"rotation":{"x":-0.09538965672254563,"y":-0.05999142676591873,"z":0.005791586358100176,"w":-0.9936316013336182},"size":1.62131929397583,"orthographic":false}