{"cameraMode":{"drawMode":0,"name":"Shaded","section":"Shading Mode"},"sceneLighting":false,"audioPlay":false,"sceneViewState":{"showFog":true,"showMaterialUpdate":false,"showSkybox":false,"showFlares":true,"showImageEffects":true,"showParticleSystems":true},"in2DMode":false,"pivot":{"x":540.0023193359375,"y":940.9990234375,"z":0.550000011920929},"rotation":{"x":0.19787362217903138,"y":-0.17565090954303742,"z":0.036051079630851749,"w":0.9637025594711304},"size":1183.7960205078125,"orthographic":false}