{"cameraMode":{"drawMode":0,"name":"Shaded","section":"Shading Mode"},"sceneLighting":false,"audioPlay":false,"sceneViewState":{"showFog":true,"showMaterialUpdate":false,"showSkybox":false,"showFlares":true,"showImageEffects":true,"showParticleSystems":true},"in2DMode":false,"pivot":{"x":571.0999755859375,"y":1104.0999755859375,"z":0.0},"rotation":{"x":0.12565717101097108,"y":-0.018140871077775956,"z":0.002283664420247078,"w":0.9919204711914063},"size":139.4373321533203,"orthographic":false}