{"cameraMode":{"drawMode":0,"name":"Shaded","section":"Shading Mode"},"sceneLighting":true,"audioPlay":false,"sceneViewState":{"showFog":true,"showMaterialUpdate":false,"showSkybox":false,"showFlares":true,"showImageEffects":true,"showParticleSystems":true},"in2DMode":false,"pivot":{"x":7.330469131469727,"y":73.5137939453125,"z":-248.2082977294922},"rotation":{"x":-0.08080734312534332,"y":0.9121994972229004,"z":-0.21859750151634217,"w":-0.33711349964141848},"size":106.76577758789063,"orthographic":false}