{"cameraMode":{"drawMode":0,"name":"Shaded","section":"Shading Mode"},"sceneLighting":false,"audioPlay":false,"sceneViewState":{"showFog":true,"showMaterialUpdate":false,"showSkybox":false,"showFlares":true,"showImageEffects":true,"showParticleSystems":true},"in2DMode":false,"pivot":{"x":538.5240478515625,"y":960.0,"z":-7.1049933433532719},"rotation":{"x":-0.05185411497950554,"y":-0.7246901988983154,"z":0.6849461197853088,"w":-0.05490214750170708},"size":1102.2008056640625,"orthographic":false}