{"cameraMode":{"drawMode":0,"name":"Shaded","section":"Shading Mode"},"sceneLighting":false,"audioPlay":false,"sceneViewState":{"showFog":true,"showMaterialUpdate":false,"showSkybox":false,"showFlares":true,"showImageEffects":true,"showParticleSystems":true},"in2DMode":false,"pivot":{"x":-84.7759780883789,"y":10.957284927368164,"z":43.9197883605957},"rotation":{"x":-0.19049511849880219,"y":0.022382043302059175,"z":-0.0043248641304671768,"w":-0.9814574122428894},"size":11.49135684967041,"orthographic":false}