{"cameraMode":{"drawMode":0,"name":"Shaded","section":"Shading Mode"},"sceneLighting":true,"audioPlay":false,"sceneViewState":{"showFog":true,"showMaterialUpdate":false,"showSkybox":false,"showFlares":true,"showImageEffects":true,"showParticleSystems":true},"in2DMode":false,"pivot":{"x":13.552911758422852,"y":0.45291614532470705,"z":215.47666931152345},"rotation":{"x":-0.5518450736999512,"y":-0.26924189925193789,"z":0.19421663880348206,"w":-0.7650202512741089},"size":13.096153259277344,"orthographic":false}