{"cameraMode":{"drawMode":0,"name":"Shaded","section":"Shading Mode"},"sceneLighting":false,"audioPlay":false,"sceneViewState":{"showFog":true,"showMaterialUpdate":false,"showSkybox":false,"showFlares":true,"showImageEffects":true,"showParticleSystems":true},"in2DMode":false,"pivot":{"x":0.1319282054901123,"y":1.332995891571045,"z":0.004008769989013672},"rotation":{"x":-0.050660863518714908,"y":0.03474844992160797,"z":-0.0017187243793159724,"w":-0.9981425404548645},"size":2.01363468170166,"orthographic":false}