{"cameraMode":{"drawMode":0,"name":"Shaded","section":"Shading Mode"},"sceneLighting":false,"audioPlay":false,"sceneViewState":{"showFog":true,"showMaterialUpdate":false,"showSkybox":false,"showFlares":true,"showImageEffects":true,"showParticleSystems":true},"in2DMode":false,"pivot":{"x":-21.01363182067871,"y":3.12768816947937,"z":59.81061553955078},"rotation":{"x":-0.19049511849880219,"y":0.022382043302059175,"z":-0.0043248641304671768,"w":-0.9814574122428894},"size":3.4471874237060549,"orthographic":false}