{"cameraMode":{"drawMode":0,"name":"Shaded","section":"Shading Mode"},"sceneLighting":false,"audioPlay":false,"sceneViewState":{"showFog":true,"showMaterialUpdate":false,"showSkybox":false,"showFlares":true,"showImageEffects":true,"showParticleSystems":true},"in2DMode":false,"pivot":{"x":388.0231018066406,"y":1196.6597900390625,"z":461.5119323730469},"rotation":{"x":0.015343349426984787,"y":0.9757598638534546,"z":-0.20584411919116975,"w":0.07273168116807938},"size":384.61187744140627,"orthographic":false}