{"cameraMode":{"drawMode":0,"name":"Shaded","section":"Shading Mode"},"sceneLighting":false,"audioPlay":false,"sceneViewState":{"showFog":true,"showMaterialUpdate":false,"showSkybox":false,"showFlares":true,"showImageEffects":true,"showParticleSystems":true},"in2DMode":false,"pivot":{"x":4.018863677978516,"y":6.746340274810791,"z":58.290245056152347},"rotation":{"x":0.4801723062992096,"y":0.34985873103141787,"z":-0.17306260764598847,"w":0.7855682969093323},"size":9.781225204467774,"orthographic":false}