{"cameraMode":{"drawMode":0,"name":"Shaded","section":"Shading Mode"},"sceneLighting":true,"audioPlay":false,"sceneViewState":{"showFog":true,"showMaterialUpdate":false,"showSkybox":true,"showFlares":true,"showImageEffects":true,"showParticleSystems":true},"in2DMode":false,"pivot":{"x":61.537841796875,"y":87.12661743164063,"z":33.589324951171878},"rotation":{"x":0.33081939816474917,"y":0.018596632406115533,"z":0.027448054403066636,"w":0.9431294798851013},"size":10.0,"orthographic":false}