{"cameraMode":{"drawMode":0,"name":"Shaded","section":"Shading Mode"},"sceneLighting":false,"audioPlay":false,"sceneViewState":{"showFog":true,"showMaterialUpdate":false,"showSkybox":false,"showFlares":true,"showImageEffects":true,"showParticleSystems":true},"in2DMode":false,"pivot":{"x":540.0001220703125,"y":960.0,"z":-7.1049933433532719},"rotation":{"x":0.4670872986316681,"y":-0.29707813262939455,"z":0.21207614243030549,"w":0.8053766489028931},"size":1958.4432373046875,"orthographic":false}