{"cameraMode":{"drawMode":0,"name":"Shaded","section":"Shading Mode"},"sceneLighting":false,"audioPlay":false,"sceneViewState":{"showFog":true,"showMaterialUpdate":false,"showSkybox":false,"showFlares":true,"showImageEffects":true,"showParticleSystems":true},"in2DMode":false,"pivot":{"x":540.0001220703125,"y":960.0,"z":-7.1049933433532719},"rotation":{"x":0.33081939816474917,"y":0.018596632406115533,"z":0.027448054403066636,"w":0.9431294798851013},"size":162.24166870117188,"orthographic":false}