{"cameraMode":{"drawMode":0,"name":"Shaded","section":"Shading Mode"},"sceneLighting":false,"audioPlay":false,"sceneViewState":{"showFog":true,"showMaterialUpdate":false,"showSkybox":false,"showFlares":true,"showImageEffects":true,"showParticleSystems":true},"in2DMode":false,"pivot":{"x":11.98199462890625,"y":49.8499755859375,"z":111.10093688964844},"rotation":{"x":0.08549639582633972,"y":0.7497654557228088,"z":-0.07621454447507858,"w":0.6517277956008911},"size":10.0,"orthographic":false}