{"cameraMode":{"drawMode":0,"name":"Shaded","section":"Shading Mode"},"sceneLighting":false,"audioPlay":false,"sceneViewState":{"showFog":true,"showMaterialUpdate":false,"showSkybox":false,"showFlares":true,"showImageEffects":true,"showParticleSystems":true},"in2DMode":false,"pivot":{"x":2.819951057434082,"y":-1.7259931564331055,"z":60.742835998535159},"rotation":{"x":0.4256898760795593,"y":0.15776313841342927,"z":-0.039453089237213138,"w":0.8901583552360535},"size":9.639485359191895,"orthographic":false}